<metadata xml:lang="he"><Esri><CreaDate>20230427</CreaDate><CreaTime>15023000</CreaTime><ArcGISFormat>1.0</ArcGISFormat><ArcGISstyle>ISO 19139 Metadata Implementation Specification</ArcGISstyle><SyncOnce>FALSE</SyncOnce><DataProperties><lineage><Process Name="TRAFAUTH (2)" ToolSource="c:\program files (x86)\arcgis\desktop10.6\ArcToolbox\Toolboxes\Data Management Tools.tbx\CalculateField" Date="20220428" Time="161705">CalculateField ROADAUTORITY_CLIP1 YEARMONTH 202204 VB #</Process><Process Name="TRAFAUTH" ToolSource="c:\program files (x86)\arcgis\desktop10.6\ArcToolbox\Toolboxes\Data Management Tools.tbx\CalculateField" Date="20220428" Time="161719">CalculateField ROADAUTORITY_CLIP1 TRAFAU_APP "נתיבי ישראל" VB #</Process><Process Name="Calculate Field" ToolSource="c:\program files (x86)\arcgis\desktop10.6\ArcToolbox\Toolboxes\Data Management Tools.tbx\CalculateField" Date="20220428" Time="161742">CalculateField ROADAUTORITY_CLIP1 IS_APP 1 VB #</Process><Process Name="TRAFCO" ToolSource="c:\program files (x86)\arcgis\desktop10.6\ArcToolbox\Toolboxes\Data Management Tools.tbx\CalculateField" Date="20220428" Time="161801">CalculateField ROADAUTORITY_CLIP1 TRAFCO_APP 10101 VB #</Process><Process Name="Feature Class to Feature Class" ToolSource="c:\program files (x86)\arcgis\desktop10.6\ArcToolbox\Toolboxes\Conversion Tools.tbx\FeatureClassToFeatureClass" Date="20220428" Time="161837">FeatureClassToFeatureClass ROADAUTORITY_CLIP1 "C:\Users\eshedmtl\eshed\GeoMot - Documents\תוכן_איליה\שכבות\רשות התמרור\הגשת בקשות\BAKASHOT.gdb" ROADAUTORITY_APP # "ROADNUM "ROADNUM" true true false 4 Text 0 0 ,First,#,APP_03072022,ROADNUM,-1,-1;TRAFAUTH "TRAFAUTH" true true false 16 Text 0 0 ,First,#,APP_03072022,TRAFAUTH,-1,-1;TRAFCODE "TRAFCODE" true true false 19 Double 10 18 ,First,#,APP_03072022,TRAFCODE,-1,-1;ROAD "ROAD" true true false 4 Text 0 0 ,First,#,APP_03072022,ROAD,-1,-1;YEARMONTH "YEARMONTH" true true false 19 Double 10 18 ,First,#,APP_03072022,YEARMONTH,-1,-1;STATUS "STATUS" true true false 6 Text 0 0 ,First,#,APP_03072022,STATUS,-1,-1;TRAFAU_APP "TRAFAU_APP" true true false 16 Text 0 0 ,First,#,APP_03072022,TRAFAU_APP,-1,-1;TRAFCO_APP "TRAFCO_APP" true true false 19 Double 10 18 ,First,#,APP_03072022,TRAFCO_APP,-1,-1;IS_APP "IS_APP" true true false 19 Double 10 18 ,First,#,APP_03072022,IS_APP,-1,-1" #</Process><Process ToolSource="c:\program files (x86)\arcgis\desktop10.6\ArcToolbox\Toolboxes\Data Management Tools.tbx\CalculateField" Date="20220428" Time="162430">CalculateField ROADAUTORITY_APP TRAFAU_APP "נתיבי איילון" VB #</Process><Process ToolSource="c:\program files (x86)\arcgis\desktop10.6\ArcToolbox\Toolboxes\Data Management Tools.tbx\CalculateField" Date="20220428" Time="162438">CalculateField ROADAUTORITY_APP TRAFCO_APP 10103 VB #</Process><Process ToolSource="c:\program files (x86)\arcgis\desktop10.6\ArcToolbox\Toolboxes\Data Management Tools.tbx\CalculateField" Date="20220501" Time="133011">CalculateField ROADAUTORITY_APP TRAFAU_APP "נתיבי איילון" VB #</Process><Process ToolSource="c:\program files (x86)\arcgis\desktop10.6\ArcToolbox\Toolboxes\Data Management Tools.tbx\CalculateField" Date="20220501" Time="133021">CalculateField ROADAUTORITY_APP TRAFCO_APP 10103 VB #</Process><Process ToolSource="c:\program files (x86)\arcgis\desktop10.6\ArcToolbox\Toolboxes\Data Management Tools.tbx\CalculateField" Date="20220501" Time="133150">CalculateField ROADAUTORITY_APP IS_APP 0 VB #</Process><Process ToolSource="c:\program files (x86)\arcgis\desktop10.6\ArcToolbox\Toolboxes\Data Management Tools.tbx\CalculateField" Date="20220501" Time="133233">CalculateField ROADAUTORITY_APP IS_APP 0 VB #</Process><Process ToolSource="c:\program files (x86)\arcgis\desktop10.6\ArcToolbox\Toolboxes\Data Management Tools.tbx\CalculateField" Date="20220501" Time="133242">CalculateField ROADAUTORITY_APP IS_APP 1 VB #</Process><Process ToolSource="c:\program files (x86)\arcgis\desktop10.6\ArcToolbox\Toolboxes\Data Management Tools.tbx\CalculateField" Date="20220501" Time="133252">CalculateField ROADAUTORITY_APP IS_APP 0 VB #</Process><Process ToolSource="c:\program files (x86)\arcgis\desktop10.6\ArcToolbox\Toolboxes\Data Management Tools.tbx\CalculateField" Date="20220501" Time="134145">CalculateField ROADAUTORITY_APP IS_APP 1 VB #</Process><Process ToolSource="c:\program files (x86)\arcgis\desktop10.6\ArcToolbox\Toolboxes\Data Management Tools.tbx\CalculateField" Date="20220501" Time="134710">CalculateField ROADAUTORITY_APP IS_APP 2 VB #</Process><Process ToolSource="c:\program files (x86)\arcgis\desktop10.6\ArcToolbox\Toolboxes\Data Management Tools.tbx\CalculateField" Date="20220501" Time="135230">CalculateField ROADAUTORITY_APP YEARMONTH 202202 VB #</Process><Process Name="Calculate Field" ToolSource="c:\program files (x86)\arcgis\desktop10.6\ArcToolbox\Toolboxes\Data Management Tools.tbx\CalculateField" Date="20220501" Time="135242">CalculateField ROADAUTORITY_APP TRAFAUTH [TRAFAU_APP] VB #</Process><Process Name="Calculate Field (2)" ToolSource="c:\program files (x86)\arcgis\desktop10.6\ArcToolbox\Toolboxes\Data Management Tools.tbx\CalculateField" Date="20220501" Time="135250">CalculateField ROADAUTORITY_APP TRAFCODE [TRAFCO_APP] VB #</Process><Process Name="Calculate Field (3)" ToolSource="c:\program files (x86)\arcgis\desktop10.6\ArcToolbox\Toolboxes\Data Management Tools.tbx\CalculateField" Date="20220501" Time="135354">CalculateField ROADAUTORITY_APP IS_APP 3 VB #</Process><Process Name="Calculate Field" ToolSource="c:\program files (x86)\arcgis\desktop10.6\ArcToolbox\Toolboxes\Data Management Tools.tbx\CalculateField" Date="20220501" Time="135739">CalculateField ROADAUTORITY_APP TRAFAUTH [TRAFAU_APP] VB #</Process><Process Name="Calculate Field (2)" ToolSource="c:\program files (x86)\arcgis\desktop10.6\ArcToolbox\Toolboxes\Data Management Tools.tbx\CalculateField" Date="20220501" Time="135739">CalculateField ROADAUTORITY_APP TRAFCODE [TRAFCO_APP] VB #</Process><Process Name="Calculate Field (3)" ToolSource="c:\program files (x86)\arcgis\desktop10.6\ArcToolbox\Toolboxes\Data Management Tools.tbx\CalculateField" Date="20220501" Time="135739">CalculateField ROADAUTORITY_APP IS_APP 3 VB #</Process><Process ToolSource="c:\program files (x86)\arcgis\desktop10.6\ArcToolbox\Toolboxes\Data Management Tools.tbx\CalculateField" Date="20220501" Time="140432">CalculateField ROADAUTORITY_APP IS_APP 2 VB #</Process><Process Name="Calculate Field" ToolSource="c:\program files (x86)\arcgis\desktop10.6\ArcToolbox\Toolboxes\Data Management Tools.tbx\CalculateField" Date="20220501" Time="140451">CalculateField ROADAUTORITY_APP TRAFAUTH [TRAFAU_APP] VB #</Process><Process Name="Calculate Field (2)" ToolSource="c:\program files (x86)\arcgis\desktop10.6\ArcToolbox\Toolboxes\Data Management Tools.tbx\CalculateField" Date="20220501" Time="140451">CalculateField ROADAUTORITY_APP TRAFCODE [TRAFCO_APP] VB #</Process><Process Name="Calculate Field (3)" ToolSource="c:\program files (x86)\arcgis\desktop10.6\ArcToolbox\Toolboxes\Data Management Tools.tbx\CalculateField" Date="20220501" Time="140451">CalculateField ROADAUTORITY_APP IS_APP 3 VB #</Process><Process Name="Calculate Field" ToolSource="c:\program files (x86)\arcgis\desktop10.6\ArcToolbox\Toolboxes\Data Management Tools.tbx\CalculateField" Date="20220501" Time="140750">CalculateField ROADAUTORITY_APP TRAFAUTH [TRAFAU_APP] VB #</Process><Process Name="Calculate Field (2)" ToolSource="c:\program files (x86)\arcgis\desktop10.6\ArcToolbox\Toolboxes\Data Management Tools.tbx\CalculateField" Date="20220501" Time="140750">CalculateField ROADAUTORITY_APP TRAFCODE [TRAFCO_APP] VB #</Process><Process Name="Calculate Field (3)" ToolSource="c:\program files (x86)\arcgis\desktop10.6\ArcToolbox\Toolboxes\Data Management Tools.tbx\CalculateField" Date="20220501" Time="140750">CalculateField ROADAUTORITY_APP IS_APP 3 VB #</Process><Process Name="Calculate Field" ToolSource="c:\program files (x86)\arcgis\desktop10.6\ArcToolbox\Toolboxes\Data Management Tools.tbx\CalculateField" Date="20220501" Time="140920">CalculateField ROADAUTORITY_APP TRAFAUTH [TRAFAU_APP] VB #</Process><Process Name="Calculate Field (2)" ToolSource="c:\program files (x86)\arcgis\desktop10.6\ArcToolbox\Toolboxes\Data Management Tools.tbx\CalculateField" Date="20220501" Time="140920">CalculateField ROADAUTORITY_APP TRAFCODE [TRAFCO_APP] VB #</Process><Process Name="Calculate Field (3)" ToolSource="c:\program files (x86)\arcgis\desktop10.6\ArcToolbox\Toolboxes\Data Management Tools.tbx\CalculateField" Date="20220501" Time="140920">CalculateField ROADAUTORITY_APP IS_APP 3 VB #</Process><Process ToolSource="c:\program files (x86)\arcgis\desktop10.6\ArcToolbox\Toolboxes\Data Management Tools.tbx\CalculateField" Date="20220627" Time="142416">CalculateField מקרא TRAFAU_APP "דרך ארץ" VB #</Process><Process ToolSource="c:\program files (x86)\arcgis\desktop10.6\ArcToolbox\Toolboxes\Data Management Tools.tbx\CalculateField" Date="20220727" Time="121130">CalculateField ROADAUTORITY_APP IS_APP 9 VB #</Process><Process ToolSource="c:\program files (x86)\arcgis\desktop10.6\ArcToolbox\Toolboxes\Data Management Tools.tbx\CalculateField" Date="20220727" Time="142802">CalculateField ROADAUTORITY_APP TRAFAUTH1 [TRAFAUTH] VB #</Process><Process ToolSource="c:\program files (x86)\arcgis\desktop10.6\ArcToolbox\Toolboxes\Data Management Tools.tbx\CalculateField" Date="20220727" Time="142824">CalculateField ROADAUTORITY_APP TRAFAU_APP_1 [TRAFAU_APP] VB #</Process><Process ToolSource="c:\program files (x86)\arcgis\desktop10.6\ArcToolbox\Toolboxes\Data Management Tools.tbx\AlterField" Date="20220727" Time="143045">AlterField ROADAUTORITY_APP TRAFAU_APP TRAFAU_APP2 # TEXT 16 NULLABLE false</Process><Process ToolSource="c:\program files (x86)\arcgis\desktop10.6\ArcToolbox\Toolboxes\Data Management Tools.tbx\AlterField" Date="20220727" Time="143115">AlterField ROADAUTORITY_APP TRAFAUTH TRAFAUTH2 # TEXT 16 NULLABLE false</Process><Process ToolSource="c:\program files (x86)\arcgis\desktop10.6\ArcToolbox\Toolboxes\Data Management Tools.tbx\AlterField" Date="20220727" Time="143140">AlterField ROADAUTORITY_APP TRAFAUTH1 TRAFAUTH # TEXT 30 NULLABLE false</Process><Process ToolSource="c:\program files (x86)\arcgis\desktop10.6\ArcToolbox\Toolboxes\Data Management Tools.tbx\AlterField" Date="20220727" Time="143206">AlterField ROADAUTORITY_APP TRAFAU_APP_1 TRAFAU_APP # TEXT 30 NULLABLE false</Process><Process Name="Append" ToolSource="c:\program files (x86)\arcgis\desktop10.6\ArcToolbox\Toolboxes\Data Management Tools.tbx\Append" Date="20220727" Time="144438">Append Rout2022_nati_PFI ROADAUTORITY_APP NO_TEST "ROADNUM "ROADNUM" true true false 4 Text 0 0 ,First,#,Rout2022_nati_PFI,ROADNUM,-1,-1;TRAFAUTH "TRAFAUTH" true true false 16 Text 0 0 ,First,#,Rout2022_nati_PFI,Authority,-1,-1;TRAFCODE "TRAFCODE" true true false 8 Double 0 0 ,First,#;ROAD "ROAD" true true false 4 Text 0 0 ,First,#,Rout2022_nati_PFI,Sort_field,-1,-1;YEARMONTH "YEARMONTH" true true false 8 Double 0 0 ,First,#;STATUS "STATUS" true true false 6 Text 0 0 ,First,#;TRAFAU_APP "TRAFAU_APP" true true false 16 Text 0 0 ,First,#,Rout2022_nati_PFI,Authority,-1,-1;TRAFCO_APP "TRAFCO_APP" true true false 8 Double 0 0 ,First,#;IS_APP "IS_APP" true true false 8 Double 0 0 ,First,#;Shape_Length "Shape_Length" false true true 8 Double 0 0 ,First,#" #</Process><Process Name="Append" ToolSource="c:\program files (x86)\arcgis\desktop10.6\ArcToolbox\Toolboxes\Data Management Tools.tbx\Append" Date="20220727" Time="144521">Append Rout2022_nati_PFI ROADAUTORITY_APP NO_TEST "ROADNUM "ROADNUM" true true false 4 Text 0 0 ,First,#,Rout2022_nati_PFI,ROADNUM,-1,-1;TRAFAUTH "TRAFAUTH" true true false 16 Text 0 0 ,First,#,Rout2022_nati_PFI,Authority,-1,-1;TRAFCODE "TRAFCODE" true true false 8 Double 0 0 ,First,#;ROAD "ROAD" true true false 4 Text 0 0 ,First,#,Rout2022_nati_PFI,Sort_field,-1,-1;YEARMONTH "YEARMONTH" true true false 8 Double 0 0 ,First,#;STATUS "STATUS" true true false 6 Text 0 0 ,First,#;TRAFAU_APP "TRAFAU_APP" true true false 16 Text 0 0 ,First,#,Rout2022_nati_PFI,Authority,-1,-1;TRAFCO_APP "TRAFCO_APP" true true false 8 Double 0 0 ,First,#;IS_APP "IS_APP" true true false 8 Double 0 0 ,First,#;Shape_Length "Shape_Length" false true true 8 Double 0 0 ,First,#" #</Process><Process ToolSource="c:\program files (x86)\arcgis\desktop10.6\ArcToolbox\Toolboxes\Data Management Tools.tbx\CalculateField" Date="20220727" Time="150951">CalculateField ROADAUTORITY_APP IS_APP 8 VB #</Process><Process ToolSource="c:\program files (x86)\arcgis\desktop10.6\ArcToolbox\Toolboxes\Conversion Tools.tbx\FeatureClassToFeatureClass" Date="20220728" Time="134708">FeatureClassToFeatureClass ROADAUTORITY_APP "C:\Users\eshedmtl\eshed\GeoMot - Documents\תוכן_איליה\שכבות\רשות התמרור\הגשת בקשות\BAKASHOT.gdb" ROADAUTORITY_APP # "ROADNUM "ROADNUM" true true false 6 Text 0 0 ,First,#,ROADAUTORITY_APP,ROADNUM,-1,-1;TRAFAUTH "TRAFAUTH" true true false 30 Text 0 0 ,First,#,ROADAUTORITY_APP,TRAFAUTH,-1,-1;TRAFCODE "TRAFCODE" true true false 8 Double 0 0 ,First,#,ROADAUTORITY_APP,TRAFCODE,-1,-1;ROAD "ROAD" true true false 4 Text 0 0 ,First,#,ROADAUTORITY_APP,ROAD,-1,-1;YEARMONTH "YEARMONTH" true true false 8 Double 0 0 ,First,#,ROADAUTORITY_APP,YEARMONTH,-1,-1;STATUS "STATUS" true true false 6 Text 0 0 ,First,#,ROADAUTORITY_APP,STATUS,-1,-1;TRAFAU_APP "TRAFAU_APP" true true false 30 Text 0 0 ,First,#,ROADAUTORITY_APP,TRAFAU_APP,-1,-1;TRAFCO_APP "TRAFCO_APP" true true false 8 Double 0 0 ,First,#,ROADAUTORITY_APP,TRAFCO_APP,-1,-1;IS_APP "IS_APP" true true false 8 Double 0 0 ,First,#,ROADAUTORITY_APP,IS_APP,-1,-1;Shape_Length "Shape_Length" false true true 8 Double 0 0 ,First,#,ROADAUTORITY_APP,Shape_Length,-1,-1" #</Process><Process ToolSource="c:\program files (x86)\arcgis\desktop10.6\ArcToolbox\Toolboxes\Data Management Tools.tbx\CalculateField" Date="20220728" Time="134941">CalculateField ROADAUTORITY_APP YEARMONTH 202207 VB #</Process><Process ToolSource="c:\program files (x86)\arcgis\desktop10.6\ArcToolbox\Toolboxes\Data Management Tools.tbx\CalculateField" Date="20220728" Time="135001">CalculateField ROADAUTORITY_APP STATUS "קיים" VB #</Process><Process ToolSource="c:\program files (x86)\arcgis\desktop10.6\ArcToolbox\Toolboxes\Data Management Tools.tbx\CalculateField" Date="20220728" Time="135111">CalculateField ROADAUTORITY_APP TRAFCODE 10101 VB #</Process><Process ToolSource="c:\program files (x86)\arcgis\desktop10.6\ArcToolbox\Toolboxes\Data Management Tools.tbx\CalculateField" Date="20220728" Time="135128">CalculateField ROADAUTORITY_APP TRAFCO_APP 10101 VB #</Process><Process ToolSource="c:\program files (x86)\arcgis\desktop10.6\ArcToolbox\Toolboxes\Data Management Tools.tbx\CalculateField" Date="20220728" Time="135145">CalculateField ROADAUTORITY_APP IS_APP 0 VB #</Process><Process ToolSource="c:\program files (x86)\arcgis\desktop10.6\ArcToolbox\Toolboxes\Data Management Tools.tbx\CalculateField" Date="20220811" Time="145421">CalculateField ROADAUTORITY_APP IS_APP 5 VB #</Process><Process ToolSource="c:\program files (x86)\arcgis\desktop10.6\ArcToolbox\Toolboxes\Data Management Tools.tbx\CalculateField" Date="20220811" Time="145443">CalculateField ROADAUTORITY_APP IS_APP 5 VB #</Process><Process ToolSource="c:\program files (x86)\arcgis\desktop10.6\ArcToolbox\Toolboxes\Data Management Tools.tbx\Append" Date="20220811" Time="145645">Append NETA_ROAD_SPLIT ROADAUTORITY_APP NO_TEST "ROADNUM "ROADNUM" true true false 6 Text 0 0 ,First,#,NETA_ROAD_SPLIT,ROADNUM,-1,-1;TRAFAUTH "TRAFAUTH" true true false 30 Text 0 0 ,First,#,NETA_ROAD_SPLIT,TRAFAUTH,-1,-1;TRAFCODE "TRAFCODE" true true false 8 Double 0 0 ,First,#,NETA_ROAD_SPLIT,TRAFCODE,-1,-1;ROAD "ROAD" true true false 4 Text 0 0 ,First,#,NETA_ROAD_SPLIT,ROAD,-1,-1;YEARMONTH "YEARMONTH" true true false 8 Double 0 0 ,First,#,NETA_ROAD_SPLIT,YEARMONTH,-1,-1;STATUS "STATUS" true true false 6 Text 0 0 ,First,#,NETA_ROAD_SPLIT,STATUS,-1,-1;TRAFAU_APP "TRAFAU_APP" true true false 30 Text 0 0 ,First,#,NETA_ROAD_SPLIT,TRAFAU_APP,-1,-1;TRAFCO_APP "TRAFCO_APP" true true false 8 Double 0 0 ,First,#,NETA_ROAD_SPLIT,TRAFCO_APP,-1,-1;IS_APP "IS_APP" true true false 8 Double 0 0 ,First,#,NETA_ROAD_SPLIT,IS_APP,-1,-1;Shape_Length "Shape_Length" false true true 8 Double 0 0 ,First,#" #</Process><Process ToolSource="c:\program files (x86)\arcgis\desktop10.6\ArcToolbox\Toolboxes\Data Management Tools.tbx\CalculateField" Date="20220811" Time="145816">CalculateField ROADAUTORITY_APP IS_APP 6 VB #</Process><Process ToolSource="c:\program files (x86)\arcgis\desktop10.6\ArcToolbox\Toolboxes\Data Management Tools.tbx\CalculateField" Date="20220811" Time="145829">CalculateField ROADAUTORITY_APP IS_APP 6 VB #</Process><Process ToolSource="c:\program files (x86)\arcgis\desktop10.6\ArcToolbox\Toolboxes\Data Management Tools.tbx\CalculateField" Date="20220811" Time="150250">CalculateField ROADAUTORITY_APP TRAFAU_APP "נתיבי ישראל" VB #</Process><Process ToolSource="c:\program files (x86)\arcgis\desktop10.6\ArcToolbox\Toolboxes\Data Management Tools.tbx\CalculateField" Date="20220811" Time="150302">CalculateField ROADAUTORITY_APP TRAFCO_APP 10101 VB #</Process><Process ToolSource="c:\program files (x86)\arcgis\desktop10.6\ArcToolbox\Toolboxes\Data Management Tools.tbx\CalculateField" Date="20220811" Time="151210">CalculateField ROADAUTORITY_APP IS_APP 1 VB #</Process><Process ToolSource="c:\program files (x86)\arcgis\desktop10.6\ArcToolbox\Toolboxes\Data Management Tools.tbx\CalculateField" Date="20220811" Time="151926">CalculateField ROADAUTORITY_APP IS_APP 0 VB #</Process><Process ToolSource="c:\program files (x86)\arcgis\desktop10.6\ArcToolbox\Toolboxes\Data Management Tools.tbx\CalculateField" Date="20220811" Time="151945">CalculateField ROADAUTORITY_APP TRAFCO_APP [TRAFCODE] VB #</Process><Process ToolSource="c:\program files (x86)\arcgis\desktop10.6\ArcToolbox\Toolboxes\Data Management Tools.tbx\CalculateField" Date="20220811" Time="151952">CalculateField ROADAUTORITY_APP TRAFAU_APP [TRAFAUTH] VB #</Process><Process ToolSource="c:\program files (x86)\arcgis\desktop10.6\ArcToolbox\Toolboxes\Data Management Tools.tbx\CalculateField" Date="20220811" Time="152431">CalculateField ROADAUTORITY_APP IS_APP [TRAFCO_APP] VB #</Process><Process ToolSource="c:\program files (x86)\arcgis\desktop10.6\ArcToolbox\Toolboxes\Data Management Tools.tbx\CalculateField" Date="20220811" Time="152658">CalculateField ROADAUTORITY_APP IS_APP 10103 VB #</Process><Process ToolSource="c:\program files (x86)\arcgis\desktop10.6\ArcToolbox\Toolboxes\Data Management Tools.tbx\CalculateField" Date="20220811" Time="161344">CalculateField ROADAUTORITY_APP ROAD 4 VB #</Process><Process ToolSource="c:\program files (x86)\arcgis\desktop10.6\ArcToolbox\Toolboxes\Data Management Tools.tbx\CalculateField" Date="20220918" Time="104428">CalculateField ROADAUTORITY_APP TRAFAU_APP [TRAFAUTH] VB #</Process><Process ToolSource="c:\program files (x86)\arcgis\desktop10.6\ArcToolbox\Toolboxes\Data Management Tools.tbx\CalculateField" Date="20220918" Time="104437">CalculateField ROADAUTORITY_APP TRAFCO_APP [TRAFCODE] VB #</Process><Process ToolSource="c:\program files (x86)\arcgis\desktop10.6\ArcToolbox\Toolboxes\Data Management Tools.tbx\CalculateField" Date="20220918" Time="104445">CalculateField ROADAUTORITY_APP IS_APP 0 VB #</Process><Process ToolSource="c:\program files (x86)\arcgis\desktop10.6\ArcToolbox\Toolboxes\Data Management Tools.tbx\CalculateField" Date="20221027" Time="141523">CalculateField ROADAUTORITY_APP IS_APP 1 VB #</Process><Process ToolSource="c:\program files (x86)\arcgis\desktop10.6\ArcToolbox\Toolboxes\Data Management Tools.tbx\CalculateField" Date="20221027" Time="144240">CalculateField ROADAUTORITY_APP TRAFAU_APP "נתיבי ישראל" VB #</Process><Process ToolSource="c:\program files (x86)\arcgis\desktop10.6\ArcToolbox\Toolboxes\Data Management Tools.tbx\CalculateField" Date="20221027" Time="144256">CalculateField ROADAUTORITY_APP TRAFCO_APP 10101 VB #</Process><Process ToolSource="c:\program files (x86)\arcgis\desktop10.6\ArcToolbox\Toolboxes\Data Management Tools.tbx\CalculateField" Date="20221027" Time="144311">CalculateField ROADAUTORITY_APP YEARMONTH 202210 VB #</Process><Process ToolSource="c:\program files (x86)\arcgis\desktop10.6\ArcToolbox\Toolboxes\Data Management Tools.tbx\CalculateField" Date="20230104" Time="094935">CalculateField ROADAUTORITY_APP TRAFAU_APP "נתיבי איילון" VB #</Process><Process ToolSource="c:\program files (x86)\arcgis\desktop10.6\ArcToolbox\Toolboxes\Data Management Tools.tbx\CalculateField" Date="20230104" Time="094949">CalculateField ROADAUTORITY_APP TRAFCO_APP 10103 VB #</Process><Process ToolSource="c:\program files (x86)\arcgis\desktop10.6\ArcToolbox\Toolboxes\Data Management Tools.tbx\CalculateField" Date="20230104" Time="095005">CalculateField ROADAUTORITY_APP TRAFAUTH [TRAFAU_APP] VB #</Process><Process ToolSource="c:\program files (x86)\arcgis\desktop10.6\ArcToolbox\Toolboxes\Data Management Tools.tbx\CalculateField" Date="20230104" Time="095016">CalculateField ROADAUTORITY_APP TRAFCODE [TRAFCODE] VB #</Process><Process ToolSource="c:\program files (x86)\arcgis\desktop10.6\ArcToolbox\Toolboxes\Data Management Tools.tbx\CalculateField" Date="20230104" Time="095036">CalculateField ROADAUTORITY_APP TRAFCODE [TRAFCO_APP] VB #</Process><Process ToolSource="c:\program files (x86)\arcgis\desktop10.6\ArcToolbox\Toolboxes\Data Management Tools.tbx\CalculateField" Date="20230105" Time="160742">CalculateField ROADAUTORITY_APP TRAFCODE 10103 VB #</Process><Process ToolSource="c:\program files (x86)\arcgis\desktop10.6\ArcToolbox\Toolboxes\Data Management Tools.tbx\CalculateField" Date="20230105" Time="160749">CalculateField ROADAUTORITY_APP TRAFCO_APP 10103 VB #</Process><Process ToolSource="c:\program files (x86)\arcgis\desktop10.6\ArcToolbox\Toolboxes\Data Management Tools.tbx\CalculateField" Date="20230105" Time="160759">CalculateField ROADAUTORITY_APP IS_APP 0 VB #</Process><Process ToolSource="c:\program files (x86)\arcgis\desktop10.6\ArcToolbox\Toolboxes\Data Management Tools.tbx\CalculateField" Date="20230105" Time="160812">CalculateField ROADAUTORITY_APP TRAFAU_APP "נתיבי איילון" VB #</Process><Process ToolSource="c:\program files (x86)\arcgis\desktop10.6\ArcToolbox\Toolboxes\Data Management Tools.tbx\CalculateField" Date="20230117" Time="131918">CalculateField מקרא ROADNUM None PYTHON_9.3 #</Process><Process ToolSource="c:\program files (x86)\arcgis\desktop10.6\ArcToolbox\Toolboxes\Data Management Tools.tbx\CalculateField" Date="20230117" Time="131929">CalculateField מקרא ROAD None PYTHON_9.3 #</Process><Process ToolSource="c:\program files (x86)\arcgis\desktop10.6\ArcToolbox\Toolboxes\Data Management Tools.tbx\CalculateField" Date="20230117" Time="145455">CalculateField מקרא ROAD None PYTHON_9.3 #</Process><Process ToolSource="c:\program files (x86)\arcgis\desktop10.6\ArcToolbox\Toolboxes\Data Management Tools.tbx\CalculateField" Date="20230117" Time="155602">CalculateField מקרא ROAD None PYTHON_9.3 #</Process><Process ToolSource="c:\program files (x86)\arcgis\desktop10.6\ArcToolbox\Toolboxes\Data Management Tools.tbx\CalculateField" Date="20230117" Time="155726">CalculateField מקרא TRAFCO_APP 70102 PYTHON_9.3 #</Process><Process ToolSource="c:\program files (x86)\arcgis\desktop10.6\ArcToolbox\Toolboxes\Data Management Tools.tbx\CalculateField" Date="20230117" Time="155737">CalculateField מקרא TRAFCODE 70102 PYTHON_9.3 #</Process><Process ToolSource="c:\program files (x86)\arcgis\desktop10.6\ArcToolbox\Toolboxes\Data Management Tools.tbx\CalculateField" Date="20230122" Time="150530">CalculateField מקרא TRAFAU_APP [TRAFAUTH] VB #</Process><Process ToolSource="c:\program files (x86)\arcgis\desktop10.6\ArcToolbox\Toolboxes\Data Management Tools.tbx\CalculateField" Date="20230122" Time="150541">CalculateField מקרא TRAFCO_APP [TRAFCODE] VB #</Process><Process ToolSource="c:\program files (x86)\arcgis\desktop10.6\ArcToolbox\Toolboxes\Data Management Tools.tbx\CalculateField" Date="20230302" Time="100430">CalculateField מקרא IS_APP 0 VB #</Process><Process ToolSource="c:\program files (x86)\arcgis\desktop10.6\ArcToolbox\Toolboxes\Data Management Tools.tbx\CalculateField" Date="20230302" Time="100514">CalculateField מקרא ROADNUM 4312 VB #</Process><Process ToolSource="c:\program files (x86)\arcgis\desktop10.6\ArcToolbox\Toolboxes\Data Management Tools.tbx\CalculateField" Date="20230302" Time="101020">CalculateField מקרא TRAFAUTH [TRAFAU_APP] VB #</Process><Process ToolSource="c:\program files (x86)\arcgis\desktop10.6\ArcToolbox\Toolboxes\Data Management Tools.tbx\CalculateField" Date="20230302" Time="101028">CalculateField מקרא TRAFCODE [TRAFCO_APP] VB #</Process><Process ToolSource="c:\program files (x86)\arcgis\desktop10.6\ArcToolbox\Toolboxes\Data Management Tools.tbx\CalculateField" Date="20230302" Time="101039">CalculateField מקרא IS_APP 0 VB #</Process><Process ToolSource="c:\program files (x86)\arcgis\desktop10.6\ArcToolbox\Toolboxes\Data Management Tools.tbx\CalculateField" Date="20230302" Time="101140">CalculateField מקרא YEARMONTH 202212 VB #</Process><Process ToolSource="c:\program files (x86)\arcgis\desktop10.6\ArcToolbox\Toolboxes\Data Management Tools.tbx\CalculateField" Date="20230302" Time="101555">CalculateField מקרא IS_APP 5 VB #</Process><Process ToolSource="c:\program files (x86)\arcgis\desktop10.6\ArcToolbox\Toolboxes\Data Management Tools.tbx\CalculateField" Date="20230302" Time="101849">CalculateField מקרא IS_APP 0 VB #</Process><Process ToolSource="c:\program files (x86)\arcgis\desktop10.6\ArcToolbox\Toolboxes\Data Management Tools.tbx\CalculateField" Date="20230302" Time="101908">CalculateField מקרא YEARMONTH 202212 VB #</Process><Process ToolSource="c:\program files (x86)\arcgis\desktop10.6\ArcToolbox\Toolboxes\Data Management Tools.tbx\CalculateField" Date="20230302" Time="102039">CalculateField מקרא IS_APP 0 VB #</Process><Process ToolSource="c:\program files (x86)\arcgis\desktop10.6\ArcToolbox\Toolboxes\Data Management Tools.tbx\CalculateField" Date="20230302" Time="102054">CalculateField מקרא YEARMONTH 202208 VB #</Process><Process ToolSource="c:\program files (x86)\arcgis\desktop10.6\ArcToolbox\Toolboxes\Data Management Tools.tbx\CalculateField" Date="20230302" Time="102347">CalculateField מקרא IS_APP 0 VB #</Process><Process ToolSource="c:\program files (x86)\arcgis\desktop10.6\ArcToolbox\Toolboxes\Data Management Tools.tbx\CalculateField" Date="20230302" Time="102648">CalculateField מקרא TRAFAUTH [TRAFAU_APP] VB #</Process><Process ToolSource="c:\program files (x86)\arcgis\desktop10.6\ArcToolbox\Toolboxes\Data Management Tools.tbx\CalculateField" Date="20230302" Time="102656">CalculateField מקרא TRAFCODE [TRAFCO_APP] VB #</Process><Process ToolSource="c:\program files (x86)\arcgis\desktop10.6\ArcToolbox\Toolboxes\Data Management Tools.tbx\CalculateField" Date="20230302" Time="103854">CalculateField מקרא IS_APP 1 VB #</Process><Process ToolSource="c:\program files (x86)\arcgis\desktop10.6\ArcToolbox\Toolboxes\Data Management Tools.tbx\CalculateField" Date="20230302" Time="105059">CalculateField מקרא IS_APP 3 VB #</Process><Process ToolSource="c:\program files (x86)\arcgis\desktop10.6\ArcToolbox\Toolboxes\Data Management Tools.tbx\CalculateField" Date="20230302" Time="113509">CalculateField מקרא TRAFAU_APP [TRAFAUTH] VB #</Process><Process ToolSource="c:\program files (x86)\arcgis\desktop10.6\ArcToolbox\Toolboxes\Data Management Tools.tbx\CalculateField" Date="20230302" Time="113517">CalculateField מקרא TRAFCO_APP [TRAFCODE] VB #</Process><Process ToolSource="c:\program files (x86)\arcgis\desktop10.6\ArcToolbox\Toolboxes\Data Management Tools.tbx\CalculateField" Date="20230302" Time="113559">CalculateField מקרא IS_APP 70103 VB #</Process><Process ToolSource="c:\program files (x86)\arcgis\desktop10.6\ArcToolbox\Toolboxes\Data Management Tools.tbx\CalculateField" Date="20230305" Time="125752">CalculateField מקרא ROADNUM 6353 VB #</Process><Process ToolSource="c:\program files (x86)\arcgis\desktop10.6\ArcToolbox\Toolboxes\Data Management Tools.tbx\CalculateField" Date="20230305" Time="125805">CalculateField מקרא ROAD 6353 VB #</Process><Process ToolSource="c:\program files (x86)\arcgis\desktop10.6\ArcToolbox\Toolboxes\Data Management Tools.tbx\CalculateField" Date="20230320" Time="113652">CalculateField מקרא YEARMONTH 202303 VB #</Process><Process ToolSource="c:\program files (x86)\arcgis\desktop10.6\ArcToolbox\Toolboxes\Data Management Tools.tbx\CalculateField" Date="20230320" Time="114945">CalculateField מקרא YEARMONTH 202303 VB #</Process><Process ToolSource="c:\program files (x86)\arcgis\desktop10.6\ArcToolbox\Toolboxes\Data Management Tools.tbx\CalculateField" Date="20230320" Time="115605">CalculateField מקרא IS_APP -1 VB #</Process><Process ToolSource="c:\program files (x86)\arcgis\desktop10.6\ArcToolbox\Toolboxes\Data Management Tools.tbx\CalculateField" Date="20230320" Time="120052">CalculateField מקרא IS_APP 3 VB #</Process><Process ToolSource="c:\program files (x86)\arcgis\desktop10.6\ArcToolbox\Toolboxes\Data Management Tools.tbx\CalculateField" Date="20230320" Time="120109">CalculateField מקרא TRAFAUTH "נתיבי ישראל" VB #</Process><Process ToolSource="c:\program files (x86)\arcgis\desktop10.6\ArcToolbox\Toolboxes\Data Management Tools.tbx\CalculateField" Date="20230320" Time="120131">CalculateField מקרא YEARMONTH 202303 VB #</Process><Process ToolSource="c:\program files (x86)\arcgis\desktop10.6\ArcToolbox\Toolboxes\Data Management Tools.tbx\CalculateField" Date="20230320" Time="120144">CalculateField מקרא TRAFAU_APP [TRAFAUTH] VB #</Process><Process ToolSource="c:\program files (x86)\arcgis\desktop10.6\ArcToolbox\Toolboxes\Data Management Tools.tbx\CalculateField" Date="20230320" Time="120152">CalculateField מקרא TRAFCODE 10101 VB #</Process><Process ToolSource="c:\program files (x86)\arcgis\desktop10.6\ArcToolbox\Toolboxes\Data Management Tools.tbx\CalculateField" Date="20230320" Time="120157">CalculateField מקרא TRAFCO_APP 10101 VB #</Process><Process ToolSource="c:\program files (x86)\arcgis\desktop10.6\ArcToolbox\Toolboxes\Data Management Tools.tbx\CalculateField" Date="20230320" Time="120319">CalculateField מקרא ROAD [ROADNUM] VB #</Process><Process ToolSource="c:\program files (x86)\arcgis\desktop10.6\ArcToolbox\Toolboxes\Data Management Tools.tbx\CalculateField" Date="20230320" Time="121750">CalculateField מקרא TRAFAUTH None PYTHON_9.3 #</Process><Process ToolSource="c:\program files (x86)\arcgis\desktop10.6\ArcToolbox\Toolboxes\Data Management Tools.tbx\CalculateField" Date="20230320" Time="121756">CalculateField מקרא TRAFCODE None PYTHON_9.3 #</Process><Process ToolSource="c:\program files (x86)\arcgis\desktop10.6\ArcToolbox\Toolboxes\Data Management Tools.tbx\CalculateField" Date="20230320" Time="121805">CalculateField מקרא TRAFAU_APP None PYTHON_9.3 #</Process><Process ToolSource="c:\program files (x86)\arcgis\desktop10.6\ArcToolbox\Toolboxes\Data Management Tools.tbx\CalculateField" Date="20230320" Time="121809">CalculateField מקרא TRAFCO_APP None PYTHON_9.3 #</Process><Process ToolSource="c:\program files (x86)\arcgis\desktop10.6\ArcToolbox\Toolboxes\Data Management Tools.tbx\CalculateField" Date="20230320" Time="122602">CalculateField מקרא IS_APP 0 PYTHON_9.3 #</Process><Process ToolSource="c:\program files (x86)\arcgis\desktop10.6\ArcToolbox\Toolboxes\Data Management Tools.tbx\CalculateField" Date="20230320" Time="122803">CalculateField מקרא YEARMONTH 202303 PYTHON_9.3 #</Process><Process ToolSource="c:\program files (x86)\arcgis\desktop10.6\ArcToolbox\Toolboxes\Data Management Tools.tbx\CalculateField" Date="20230320" Time="124332">CalculateField מקרא IS_APP -1 VB #</Process><Process ToolSource="c:\program files (x86)\arcgis\desktop10.6\ArcToolbox\Toolboxes\Data Management Tools.tbx\CalculateField" Date="20230320" Time="130756">CalculateField מקרא IS_APP 0 VB #</Process><Process ToolSource="c:\program files (x86)\arcgis\desktop10.6\ArcToolbox\Toolboxes\Data Management Tools.tbx\CalculateField" Date="20230320" Time="130907">CalculateField מקרא TRAFAUTH "נתיבי ישראל" VB #</Process><Process ToolSource="c:\program files (x86)\arcgis\desktop10.6\ArcToolbox\Toolboxes\Data Management Tools.tbx\CalculateField" Date="20230320" Time="130914">CalculateField מקרא TRAFAU_APP "נתיבי ישראל" VB #</Process><Process ToolSource="c:\program files (x86)\arcgis\desktop10.6\ArcToolbox\Toolboxes\Data Management Tools.tbx\CalculateField" Date="20230320" Time="130923">CalculateField מקרא TRAFCO_APP 10101 VB #</Process><Process ToolSource="c:\program files (x86)\arcgis\desktop10.6\ArcToolbox\Toolboxes\Data Management Tools.tbx\CalculateField" Date="20230320" Time="130929">CalculateField מקרא TRAFCODE 10101 VB #</Process><Process ToolSource="c:\program files (x86)\arcgis\desktop10.6\ArcToolbox\Toolboxes\Data Management Tools.tbx\CalculateField" Date="20230320" Time="134732">CalculateField מקרא ROAD 344 VB #</Process><Process ToolSource="c:\program files (x86)\arcgis\desktop10.6\ArcToolbox\Toolboxes\Data Management Tools.tbx\CalculateField" Date="20230320" Time="134750">CalculateField מקרא ROADNUM 334 VB #</Process><Process ToolSource="c:\program files (x86)\arcgis\desktop10.6\ArcToolbox\Toolboxes\Data Management Tools.tbx\CalculateField" Date="20230320" Time="134754">CalculateField מקרא ROAD 334 VB #</Process><Process ToolSource="c:\program files (x86)\arcgis\desktop10.6\ArcToolbox\Toolboxes\Data Management Tools.tbx\CalculateField" Date="20230427" Time="144556">CalculateField מקרא ROAD 16 VB #</Process><Process ToolSource="c:\program files (x86)\arcgis\desktop10.6\ArcToolbox\Toolboxes\Data Management Tools.tbx\CalculateField" Date="20230427" Time="144639">CalculateField מקרא ROAD None PYTHON_9.3 #</Process><Process ToolSource="c:\program files (x86)\arcgis\desktop10.6\ArcToolbox\Toolboxes\Data Management Tools.tbx\CalculateField" Date="20230427" Time="144730">CalculateField מקרא ROAD 1 PYTHON_9.3 #</Process><Process ToolSource="c:\program files (x86)\arcgis\desktop10.6\ArcToolbox\Toolboxes\Data Management Tools.tbx\CalculateField" Date="20230427" Time="144736">CalculateField מקרא ROADNUM 1 PYTHON_9.3 #</Process><Process ToolSource="c:\program files (x86)\arcgis\desktop10.6\ArcToolbox\Toolboxes\Data Management Tools.tbx\CalculateField" Date="20230427" Time="144956">CalculateField מקרא ROAD None PYTHON_9.3 #</Process><Process ToolSource="c:\program files (x86)\arcgis\desktop10.6\ArcToolbox\Toolboxes\Data Management Tools.tbx\CalculateField" Date="20230427" Time="145129">CalculateField מקרא TRAFAU_APP 'נתיבי איילון' PYTHON_9.3 #</Process><Process ToolSource="c:\program files (x86)\arcgis\desktop10.6\ArcToolbox\Toolboxes\Data Management Tools.tbx\CalculateField" Date="20230427" Time="145200">CalculateField מקרא TRAFAU_APP 'נתיבי איילון' PYTHON_9.3 #</Process><Process ToolSource="c:\program files (x86)\arcgis\desktop10.6\ArcToolbox\Toolboxes\Data Management Tools.tbx\CalculateField" Date="20230427" Time="145229">CalculateField מקרא TRAFCO_APP 10103 PYTHON_9.3 #</Process><Process ToolSource="c:\program files (x86)\arcgis\desktop10.6\ArcToolbox\Toolboxes\Data Management Tools.tbx\CalculateField" Date="20230427" Time="145242">CalculateField מקרא IS_APP 1 PYTHON_9.3 #</Process><Process Name="Table to Table" ToolSource="c:\program files (x86)\arcgis\desktop10.6\ArcToolbox\Toolboxes\Conversion Tools.tbx\TableToTable" Date="20230507" Time="152939">TableToTable "רשות תמרור - כבישים" "C:\Users\mbent\Eshed management &amp; engineering\GeoMot - Documents\תוכן_איליה\DATA_GOV" ROADAUTHORITY.CSV # "ROADNUM "ROADNUM" true true false 6 Text 0 0 ,First,#,C:\Users\mbent\Eshed management &amp; engineering\GeoMot - Documents\תוכן_איליה\חומר לטעינה לאתר\2023\geomot_202302\geomot_202302.gdb\trans_ROADAUTHORITY_v4,ROADNUM,-1,-1;TRAFAUTH "TRAFAUTH" true true false 30 Text 0 0 ,First,#,C:\Users\mbent\Eshed management &amp; engineering\GeoMot - Documents\תוכן_איליה\חומר לטעינה לאתר\2023\geomot_202302\geomot_202302.gdb\trans_ROADAUTHORITY_v4,TRAFAUTH,-1,-1;TRAFCODE "TRAFCODE" true true false 8 Double 0 0 ,First,#,C:\Users\mbent\Eshed management &amp; engineering\GeoMot - Documents\תוכן_איליה\חומר לטעינה לאתר\2023\geomot_202302\geomot_202302.gdb\trans_ROADAUTHORITY_v4,TRAFCODE,-1,-1;ROAD "ROAD" true true false 4 Text 0 0 ,First,#,C:\Users\mbent\Eshed management &amp; engineering\GeoMot - Documents\תוכן_איליה\חומר לטעינה לאתר\2023\geomot_202302\geomot_202302.gdb\trans_ROADAUTHORITY_v4,ROAD,-1,-1;YEARMONTH "YEARMONTH" true true false 8 Double 0 0 ,First,#,C:\Users\mbent\Eshed management &amp; engineering\GeoMot - Documents\תוכן_איליה\חומר לטעינה לאתר\2023\geomot_202302\geomot_202302.gdb\trans_ROADAUTHORITY_v4,YEARMONTH,-1,-1;STATUS "STATUS" true true false 6 Text 0 0 ,First,#,C:\Users\mbent\Eshed management &amp; engineering\GeoMot - Documents\תוכן_איליה\חומר לטעינה לאתר\2023\geomot_202302\geomot_202302.gdb\trans_ROADAUTHORITY_v4,STATUS,-1,-1;Shape_Length "Shape_Length" false true true 8 Double 0 0 ,First,#,C:\Users\mbent\Eshed management &amp; engineering\GeoMot - Documents\תוכן_איליה\חומר לטעינה לאתר\2023\geomot_202302\geomot_202302.gdb\trans_ROADAUTHORITY_v4,Shape_Length,-1,-1" #</Process></lineage><itemProps><itemName Sync="TRUE">ROADAUTHORITY.CSV</itemName><imsContentType Sync="TRUE">005</imsContentType><itemLocation><linkage Sync="TRUE">file://\\DESKTOP-A1CS8P1\C$\Users\mbent\Eshed management &amp; engineering\GeoMot - Documents\תוכן_איליה\DATA_GOV\ROADAUTHORITY.CSV</linkage><protocol Sync="TRUE">Local Area Network</protocol></itemLocation><itemSize Sync="TRUE">0.000</itemSize></itemProps><coordRef><type Sync="TRUE">Projected</type><geogcsn Sync="TRUE">GCS_Israel</geogcsn><csUnits Sync="TRUE">Linear Unit: Meter (1.000000)</csUnits><projcsn Sync="TRUE">Israel_TM_Grid</projcsn><peXml Sync="TRUE">&lt;ProjectedCoordinateSystem xsi:type='typens:ProjectedCoordinateSystem' xmlns:xsi='http://www.w3.org/2001/XMLSchema-instance' xmlns:xs='http://www.w3.org/2001/XMLSchema' xmlns:typens='http://www.esri.com/schemas/ArcGIS/10.6'&gt;&lt;WKT&gt;PROJCS[&amp;quot;Israel_TM_Grid&amp;quot;,GEOGCS[&amp;quot;GCS_Israel&amp;quot;,DATUM[&amp;quot;D_Israel&amp;quot;,SPHEROID[&amp;quot;GRS_1980&amp;quot;,6378137.0,298.257222101]],PRIMEM[&amp;quot;Greenwich&amp;quot;,0.0],UNIT[&amp;quot;Degree&amp;quot;,0.0174532925199433]],PROJECTION[&amp;quot;Transverse_Mercator&amp;quot;],PARAMETER[&amp;quot;False_Easting&amp;quot;,219529.584],PARAMETER[&amp;quot;False_Northing&amp;quot;,626907.39],PARAMETER[&amp;quot;Central_Meridian&amp;quot;,35.20451694444445],PARAMETER[&amp;quot;Scale_Factor&amp;quot;,1.0000067],PARAMETER[&amp;quot;Latitude_Of_Origin&amp;quot;,31.73439361111111],UNIT[&amp;quot;Meter&amp;quot;,1.0],AUTHORITY[&amp;quot;EPSG&amp;quot;,2039]]&lt;/WKT&gt;&lt;XOrigin&gt;-5403700&lt;/XOrigin&gt;&lt;YOrigin&gt;-12887700&lt;/YOrigin&gt;&lt;XYScale&gt;10000&lt;/XYScale&gt;&lt;ZOrigin&gt;-100000&lt;/ZOrigin&gt;&lt;ZScale&gt;10000&lt;/ZScale&gt;&lt;MOrigin&gt;-100000&lt;/MOrigin&gt;&lt;MScale&gt;10000&lt;/MScale&gt;&lt;XYTolerance&gt;0.001&lt;/XYTolerance&gt;&lt;ZTolerance&gt;0.001&lt;/ZTolerance&gt;&lt;MTolerance&gt;0.001&lt;/MTolerance&gt;&lt;HighPrecision&gt;true&lt;/HighPrecision&gt;&lt;WKID&gt;2039&lt;/WKID&gt;&lt;LatestWKID&gt;2039&lt;/LatestWKID&gt;&lt;/ProjectedCoordinateSystem&gt;</peXml></coordRef></DataProperties><SyncDate>20230507</SyncDate><SyncTime>15293900</SyncTime><ModDate>20230507</ModDate><ModTime>15293900</ModTime></Esri><dataIdInfo><envirDesc Sync="TRUE"> Version 6.2 (Build 9200) ; Esri ArcGIS 10.6.1.9270</envirDesc><dataLang><languageCode value="heb" Sync="TRUE"></languageCode><countryCode value="ISR" Sync="TRUE"></countryCode></dataLang><idCitation><resTitle Sync="TRUE">ROADAUTHORITY.CSV</resTitle><presForm><PresFormCd value="001" Sync="TRUE"></PresFormCd></presForm></idCitation><spatRpType><SpatRepTypCd value="001" Sync="TRUE"></SpatRepTypCd></spatRpType></dataIdInfo><mdLang><languageCode value="heb" Sync="TRUE"></languageCode><countryCode value="ISR" Sync="TRUE"></countryCode></mdLang><distInfo><distFormat><formatName Sync="TRUE">Text File</formatName></distFormat><distTranOps><transSize Sync="TRUE">0.000</transSize></distTranOps></distInfo><mdHrLv><ScopeCd value="007" Sync="TRUE"></ScopeCd></mdHrLv><mdHrLvName Sync="TRUE">non-geographic dataset</mdHrLvName><refSysInfo><RefSystem><refSysID><identCode code="2039" Sync="TRUE"></identCode><idCodeSpace Sync="TRUE">EPSG</idCodeSpace><idVersion Sync="TRUE">8.6(8.1.0)</idVersion></refSysID></RefSystem></refSysInfo><spatRepInfo><VectSpatRep><geometObjs Name="ROADAUTORITY_APP"><geoObjTyp><GeoObjTypCd value="002" Sync="TRUE"></GeoObjTypCd></geoObjTyp><geoObjCnt Sync="TRUE">0</geoObjCnt></geometObjs><topLvl><TopoLevCd value="001" Sync="TRUE"></TopoLevCd></topLvl></VectSpatRep></spatRepInfo><spdoinfo><ptvctinf><esriterm Name="ROADAUTORITY_APP"><efeatyp Sync="TRUE">Simple</efeatyp><efeageom code="3" Sync="TRUE"></efeageom><esritopo Sync="TRUE">FALSE</esritopo><efeacnt Sync="TRUE">0</efeacnt><spindex Sync="TRUE">TRUE</spindex><linrefer Sync="TRUE">FALSE</linrefer></esriterm></ptvctinf></spdoinfo><eainfo><detailed Name="ROADAUTHORITY.CSV"><enttyp><enttypl Sync="TRUE">ROADAUTHORITY.CSV</enttypl><enttypt Sync="TRUE">Table</enttypt><enttypc Sync="TRUE">0</enttypc></enttyp><attr><attrlabl Sync="TRUE">OID</attrlabl><attalias Sync="TRUE">OID</attalias><attrtype Sync="TRUE">OID</attrtype><attwidth Sync="TRUE">4</attwidth><atprecis Sync="TRUE">0</atprecis><attscale Sync="TRUE">0</attscale><attrdef Sync="TRUE">Internal feature number.</attrdef><attrdefs Sync="TRUE">Esri</attrdefs><attrdomv><udom Sync="TRUE">Sequential unique whole numbers that are automatically generated.</udom></attrdomv></attr><attr><attrlabl Sync="TRUE">ROADNUM</attrlabl><attalias Sync="TRUE">ROADNUM</attalias><attrtype Sync="TRUE">String</attrtype><attwidth Sync="TRUE">6</attwidth><atprecis Sync="TRUE">0</atprecis><attscale Sync="TRUE">0</attscale></attr><attr><attrlabl Sync="TRUE">TRAFAUTH</attrlabl><attalias Sync="TRUE">TRAFAUTH</attalias><attrtype Sync="TRUE">String</attrtype><attwidth Sync="TRUE">30</attwidth><atprecis Sync="TRUE">0</atprecis><attscale Sync="TRUE">0</attscale></attr><attr><attrlabl Sync="TRUE">TRAFCODE</attrlabl><attalias Sync="TRUE">TRAFCODE</attalias><attrtype Sync="TRUE">Double</attrtype><attwidth Sync="TRUE">8</attwidth><atprecis Sync="TRUE">0</atprecis><attscale Sync="TRUE">0</attscale></attr><attr><attrlabl Sync="TRUE">ROAD</attrlabl><attalias Sync="TRUE">ROAD</attalias><attrtype Sync="TRUE">String</attrtype><attwidth Sync="TRUE">4</attwidth><atprecis Sync="TRUE">0</atprecis><attscale Sync="TRUE">0</attscale></attr><attr><attrlabl Sync="TRUE">YEARMONTH</attrlabl><attalias Sync="TRUE">YEARMONTH</attalias><attrtype Sync="TRUE">Double</attrtype><attwidth Sync="TRUE">8</attwidth><atprecis Sync="TRUE">0</atprecis><attscale Sync="TRUE">0</attscale></attr><attr><attrlabl Sync="TRUE">STATUS</attrlabl><attalias Sync="TRUE">STATUS</attalias><attrtype Sync="TRUE">String</attrtype><attwidth Sync="TRUE">6</attwidth><atprecis Sync="TRUE">0</atprecis><attscale Sync="TRUE">0</attscale></attr><attr><attrlabl Sync="TRUE">Shape_Length</attrlabl><attalias Sync="TRUE">Shape_Length</attalias><attrtype Sync="TRUE">Double</attrtype><attwidth Sync="TRUE">8</attwidth><atprecis Sync="TRUE">0</atprecis><attscale Sync="TRUE">0</attscale><attrdef Sync="TRUE">Length of feature in internal units.</attrdef><attrdefs Sync="TRUE">Esri</attrdefs><attrdomv><udom Sync="TRUE">Positive real numbers that are automatically generated.</udom></attrdomv></attr></detailed></eainfo><mdDateSt Sync="TRUE">20230507</mdDateSt></metadata>
